<?xml version="1.0" encoding="UTF-8" ?>
<!DOCTYPE mapper PUBLIC "-//mybatis.org//DTD Mapper 3.0//EN" "http://mybatis.org/dtd/mybatis-3-mapper.dtd" >
<mapper namespace="com.quart.job.mapper.ScheduleJobLogMapper" >
  <resultMap id="BaseResultMap" type="com.quart.job.entity.ScheduleJobLogBean" >
    <id column="log_id" property="logId" jdbcType="BIGINT" />
    <result column="job_id" property="jobId" jdbcType="BIGINT" />
    <result column="bean_name" property="beanName" jdbcType="VARCHAR" />
    <result column="params" property="params" jdbcType="VARCHAR" />
    <result column="status" property="status" jdbcType="TINYINT" />
    <result column="error" property="error" jdbcType="VARCHAR" />
    <result column="times" property="times" jdbcType="INTEGER" />
    <result column="create_time" property="createTime" jdbcType="TIMESTAMP" />
  </resultMap>
  <sql id="Example_Where_Clause" >
    <where >
      <foreach collection="oredCriteria" item="criteria" separator="or" >
        <if test="criteria.valid" >
          <trim prefix="(" suffix=")" prefixOverrides="and" >
            <foreach collection="criteria.criteria" item="criterion" >
              <choose >
                <when test="criterion.noValue" >
                  and ${criterion.condition}
                </when>
                <when test="criterion.singleValue" >
                  and ${criterion.condition} #{criterion.value}
                </when>
                <when test="criterion.betweenValue" >
                  and ${criterion.condition} #{criterion.value} and #{criterion.secondValue}
                </when>
                <when test="criterion.listValue" >
                  and ${criterion.condition}
                  <foreach collection="criterion.value" item="listItem" open="(" close=")" separator="," >
                    #{listItem}
                  </foreach>
                </when>
              </choose>
            </foreach>
          </trim>
        </if>
      </foreach>
    </where>
  </sql>
  <sql id="Update_By_Example_Where_Clause" >
    <where >
      <foreach collection="example.oredCriteria" item="criteria" separator="or" >
        <if test="criteria.valid" >
          <trim prefix="(" suffix=")" prefixOverrides="and" >
            <foreach collection="criteria.criteria" item="criterion" >
              <choose >
                <when test="criterion.noValue" >
                  and ${criterion.condition}
                </when>
                <when test="criterion.singleValue" >
                  and ${criterion.condition} #{criterion.value}
                </when>
                <when test="criterion.betweenValue" >
                  and ${criterion.condition} #{criterion.value} and #{criterion.secondValue}
                </when>
                <when test="criterion.listValue" >
                  and ${criterion.condition}
                  <foreach collection="criterion.value" item="listItem" open="(" close=")" separator="," >
                    #{listItem}
                  </foreach>
                </when>
              </choose>
            </foreach>
          </trim>
        </if>
      </foreach>
    </where>
  </sql>
  <sql id="Base_Column_List" >
    log_id, job_id, bean_name, params, status, error, times, create_time
  </sql>
  <select id="selectByExample" resultMap="BaseResultMap" parameterType="com.quart.job.entity.ScheduleJobLogExample" >
    select
    <if test="distinct" >
      distinct
    </if>
    <include refid="Base_Column_List" />
    from schedule_job_log
    <if test="_parameter != null" >
      <include refid="Example_Where_Clause" />
    </if>
    <if test="orderByClause != null" >
      order by ${orderByClause}
    </if>
  </select>
  <select id="selectByPrimaryKey" resultMap="BaseResultMap" parameterType="java.lang.Long" >
    select 
    <include refid="Base_Column_List" />
    from schedule_job_log
    where log_id = #{logId,jdbcType=BIGINT}
  </select>
  <delete id="deleteByPrimaryKey" parameterType="java.lang.Long" >
    delete from schedule_job_log
    where log_id = #{logId,jdbcType=BIGINT}
  </delete>
  <delete id="deleteByExample" parameterType="com.quart.job.entity.ScheduleJobLogExample" >
    delete from schedule_job_log
    <if test="_parameter != null" >
      <include refid="Example_Where_Clause" />
    </if>
  </delete>
  <insert id="insert" parameterType="com.quart.job.entity.ScheduleJobLogBean" >
    insert into schedule_job_log (log_id, job_id, bean_name, 
      params, status, error, 
      times, create_time)
    values (#{logId,jdbcType=BIGINT}, #{jobId,jdbcType=BIGINT}, #{beanName,jdbcType=VARCHAR}, 
      #{params,jdbcType=VARCHAR}, #{status,jdbcType=TINYINT}, #{error,jdbcType=VARCHAR}, 
      #{times,jdbcType=INTEGER}, #{createTime,jdbcType=TIMESTAMP})
  </insert>
  <insert id="insertSelective" parameterType="com.quart.job.entity.ScheduleJobLogBean" >
    insert into schedule_job_log
    <trim prefix="(" suffix=")" suffixOverrides="," >
      <if test="logId != null" >
        log_id,
      </if>
      <if test="jobId != null" >
        job_id,
      </if>
      <if test="beanName != null" >
        bean_name,
      </if>
      <if test="params != null" >
        params,
      </if>
      <if test="status != null" >
        status,
      </if>
      <if test="error != null" >
        error,
      </if>
      <if test="times != null" >
        times,
      </if>
      <if test="createTime != null" >
        create_time,
      </if>
    </trim>
    <trim prefix="values (" suffix=")" suffixOverrides="," >
      <if test="logId != null" >
        #{logId,jdbcType=BIGINT},
      </if>
      <if test="jobId != null" >
        #{jobId,jdbcType=BIGINT},
      </if>
      <if test="beanName != null" >
        #{beanName,jdbcType=VARCHAR},
      </if>
      <if test="params != null" >
        #{params,jdbcType=VARCHAR},
      </if>
      <if test="status != null" >
        #{status,jdbcType=TINYINT},
      </if>
      <if test="error != null" >
        #{error,jdbcType=VARCHAR},
      </if>
      <if test="times != null" >
        #{times,jdbcType=INTEGER},
      </if>
      <if test="createTime != null" >
        #{createTime,jdbcType=TIMESTAMP},
      </if>
    </trim>
  </insert>
  <select id="countByExample" parameterType="com.quart.job.entity.ScheduleJobLogExample" resultType="java.lang.Integer" >
    select count(*) from schedule_job_log
    <if test="_parameter != null" >
      <include refid="Example_Where_Clause" />
    </if>
  </select>
  <update id="updateByExampleSelective" parameterType="map" >
    update schedule_job_log
    <set >
      <if test="record.logId != null" >
        log_id = #{record.logId,jdbcType=BIGINT},
      </if>
      <if test="record.jobId != null" >
        job_id = #{record.jobId,jdbcType=BIGINT},
      </if>
      <if test="record.beanName != null" >
        bean_name = #{record.beanName,jdbcType=VARCHAR},
      </if>
      <if test="record.params != null" >
        params = #{record.params,jdbcType=VARCHAR},
      </if>
      <if test="record.status != null" >
        status = #{record.status,jdbcType=TINYINT},
      </if>
      <if test="record.error != null" >
        error = #{record.error,jdbcType=VARCHAR},
      </if>
      <if test="record.times != null" >
        times = #{record.times,jdbcType=INTEGER},
      </if>
      <if test="record.createTime != null" >
        create_time = #{record.createTime,jdbcType=TIMESTAMP},
      </if>
    </set>
    <if test="_parameter != null" >
      <include refid="Update_By_Example_Where_Clause" />
    </if>
  </update>
  <update id="updateByExample" parameterType="map" >
    update schedule_job_log
    set log_id = #{record.logId,jdbcType=BIGINT},
      job_id = #{record.jobId,jdbcType=BIGINT},
      bean_name = #{record.beanName,jdbcType=VARCHAR},
      params = #{record.params,jdbcType=VARCHAR},
      status = #{record.status,jdbcType=TINYINT},
      error = #{record.error,jdbcType=VARCHAR},
      times = #{record.times,jdbcType=INTEGER},
      create_time = #{record.createTime,jdbcType=TIMESTAMP}
    <if test="_parameter != null" >
      <include refid="Update_By_Example_Where_Clause" />
    </if>
  </update>
  <update id="updateByPrimaryKeySelective" parameterType="com.quart.job.entity.ScheduleJobLogBean" >
    update schedule_job_log
    <set >
      <if test="jobId != null" >
        job_id = #{jobId,jdbcType=BIGINT},
      </if>
      <if test="beanName != null" >
        bean_name = #{beanName,jdbcType=VARCHAR},
      </if>
      <if test="params != null" >
        params = #{params,jdbcType=VARCHAR},
      </if>
      <if test="status != null" >
        status = #{status,jdbcType=TINYINT},
      </if>
      <if test="error != null" >
        error = #{error,jdbcType=VARCHAR},
      </if>
      <if test="times != null" >
        times = #{times,jdbcType=INTEGER},
      </if>
      <if test="createTime != null" >
        create_time = #{createTime,jdbcType=TIMESTAMP},
      </if>
    </set>
    where log_id = #{logId,jdbcType=BIGINT}
  </update>
  <update id="updateByPrimaryKey" parameterType="com.quart.job.entity.ScheduleJobLogBean" >
    update schedule_job_log
    set job_id = #{jobId,jdbcType=BIGINT},
      bean_name = #{beanName,jdbcType=VARCHAR},
      params = #{params,jdbcType=VARCHAR},
      status = #{status,jdbcType=TINYINT},
      error = #{error,jdbcType=VARCHAR},
      times = #{times,jdbcType=INTEGER},
      create_time = #{createTime,jdbcType=TIMESTAMP}
    where log_id = #{logId,jdbcType=BIGINT}
  </update>
</mapper>