<?xml version="1.0" encoding="UTF-8" ?>
<!DOCTYPE mapper PUBLIC "-//mybatis.org//DTD Mapper 3.0//EN" "http://mybatis.org/dtd/mybatis-3-mapper.dtd" >
<mapper namespace="com.quart.job.mapper.ScheduleJobMapper" >
  <resultMap id="BaseResultMap" type="com.quart.job.entity.ScheduleJobBean" >
    <id column="job_id" property="jobId" jdbcType="BIGINT" />
    <result column="bean_name" property="beanName" jdbcType="VARCHAR" />
    <result column="params" property="params" jdbcType="VARCHAR" />
    <result column="cron_expression" property="cronExpression" jdbcType="VARCHAR" />
    <result column="status" property="status" jdbcType="TINYINT" />
    <result column="remark" property="remark" jdbcType="VARCHAR" />
    <result column="create_time" property="createTime" jdbcType="TIMESTAMP" />
  </resultMap>
  <sql id="Example_Where_Clause" >
    <where >
      <foreach collection="oredCriteria" item="criteria" separator="or" >
        <if test="criteria.valid" >
          <trim prefix="(" suffix=")" prefixOverrides="and" >
            <foreach collection="criteria.criteria" item="criterion" >
              <choose >
                <when test="criterion.noValue" >
                  and ${criterion.condition}
                </when>
                <when test="criterion.singleValue" >
                  and ${criterion.condition} #{criterion.value}
                </when>
                <when test="criterion.betweenValue" >
                  and ${criterion.condition} #{criterion.value} and #{criterion.secondValue}
                </when>
                <when test="criterion.listValue" >
                  and ${criterion.condition}
                  <foreach collection="criterion.value" item="listItem" open="(" close=")" separator="," >
                    #{listItem}
                  </foreach>
                </when>
              </choose>
            </foreach>
          </trim>
        </if>
      </foreach>
    </where>
  </sql>
  <sql id="Update_By_Example_Where_Clause" >
    <where >
      <foreach collection="example.oredCriteria" item="criteria" separator="or" >
        <if test="criteria.valid" >
          <trim prefix="(" suffix=")" prefixOverrides="and" >
            <foreach collection="criteria.criteria" item="criterion" >
              <choose >
                <when test="criterion.noValue" >
                  and ${criterion.condition}
                </when>
                <when test="criterion.singleValue" >
                  and ${criterion.condition} #{criterion.value}
                </when>
                <when test="criterion.betweenValue" >
                  and ${criterion.condition} #{criterion.value} and #{criterion.secondValue}
                </when>
                <when test="criterion.listValue" >
                  and ${criterion.condition}
                  <foreach collection="criterion.value" item="listItem" open="(" close=")" separator="," >
                    #{listItem}
                  </foreach>
                </when>
              </choose>
            </foreach>
          </trim>
        </if>
      </foreach>
    </where>
  </sql>
  <sql id="Base_Column_List" >
    job_id, bean_name, params, cron_expression, status, remark, create_time
  </sql>
  <select id="selectByExample" resultMap="BaseResultMap" parameterType="com.quart.job.entity.ScheduleJobExample" >
    select
    <if test="distinct" >
      distinct
    </if>
    <include refid="Base_Column_List" />
    from schedule_job
    <if test="_parameter != null" >
      <include refid="Example_Where_Clause" />
    </if>
    <if test="orderByClause != null" >
      order by ${orderByClause}
    </if>
  </select>
  <select id="selectByPrimaryKey" resultMap="BaseResultMap" parameterType="java.lang.Long" >
    select 
    <include refid="Base_Column_List" />
    from schedule_job
    where job_id = #{jobId,jdbcType=BIGINT}
  </select>
  <delete id="deleteByPrimaryKey" parameterType="java.lang.Long" >
    delete from schedule_job
    where job_id = #{jobId,jdbcType=BIGINT}
  </delete>
  <delete id="deleteByExample" parameterType="com.quart.job.entity.ScheduleJobExample" >
    delete from schedule_job
    <if test="_parameter != null" >
      <include refid="Example_Where_Clause" />
    </if>
  </delete>
  <insert id="insert" parameterType="com.quart.job.entity.ScheduleJobBean" >
    insert into schedule_job (job_id, bean_name, params, 
      cron_expression, status, remark, 
      create_time)
    values (#{jobId,jdbcType=BIGINT}, #{beanName,jdbcType=VARCHAR}, #{params,jdbcType=VARCHAR}, 
      #{cronExpression,jdbcType=VARCHAR}, #{status,jdbcType=TINYINT}, #{remark,jdbcType=VARCHAR}, 
      #{createTime,jdbcType=TIMESTAMP})
  </insert>
  <insert id="insertSelective" parameterType="com.quart.job.entity.ScheduleJobBean" >
    insert into schedule_job
    <trim prefix="(" suffix=")" suffixOverrides="," >
      <if test="jobId != null" >
        job_id,
      </if>
      <if test="beanName != null" >
        bean_name,
      </if>
      <if test="params != null" >
        params,
      </if>
      <if test="cronExpression != null" >
        cron_expression,
      </if>
      <if test="status != null" >
        status,
      </if>
      <if test="remark != null" >
        remark,
      </if>
      <if test="createTime != null" >
        create_time,
      </if>
    </trim>
    <trim prefix="values (" suffix=")" suffixOverrides="," >
      <if test="jobId != null" >
        #{jobId,jdbcType=BIGINT},
      </if>
      <if test="beanName != null" >
        #{beanName,jdbcType=VARCHAR},
      </if>
      <if test="params != null" >
        #{params,jdbcType=VARCHAR},
      </if>
      <if test="cronExpression != null" >
        #{cronExpression,jdbcType=VARCHAR},
      </if>
      <if test="status != null" >
        #{status,jdbcType=TINYINT},
      </if>
      <if test="remark != null" >
        #{remark,jdbcType=VARCHAR},
      </if>
      <if test="createTime != null" >
        #{createTime,jdbcType=TIMESTAMP},
      </if>
    </trim>
  </insert>
  <select id="countByExample" parameterType="com.quart.job.entity.ScheduleJobExample" resultType="java.lang.Integer" >
    select count(*) from schedule_job
    <if test="_parameter != null" >
      <include refid="Example_Where_Clause" />
    </if>
  </select>
  <update id="updateByExampleSelective" parameterType="map" >
    update schedule_job
    <set >
      <if test="record.jobId != null" >
        job_id = #{record.jobId,jdbcType=BIGINT},
      </if>
      <if test="record.beanName != null" >
        bean_name = #{record.beanName,jdbcType=VARCHAR},
      </if>
      <if test="record.params != null" >
        params = #{record.params,jdbcType=VARCHAR},
      </if>
      <if test="record.cronExpression != null" >
        cron_expression = #{record.cronExpression,jdbcType=VARCHAR},
      </if>
      <if test="record.status != null" >
        status = #{record.status,jdbcType=TINYINT},
      </if>
      <if test="record.remark != null" >
        remark = #{record.remark,jdbcType=VARCHAR},
      </if>
      <if test="record.createTime != null" >
        create_time = #{record.createTime,jdbcType=TIMESTAMP},
      </if>
    </set>
    <if test="_parameter != null" >
      <include refid="Update_By_Example_Where_Clause" />
    </if>
  </update>
  <update id="updateByExample" parameterType="map" >
    update schedule_job
    set job_id = #{record.jobId,jdbcType=BIGINT},
      bean_name = #{record.beanName,jdbcType=VARCHAR},
      params = #{record.params,jdbcType=VARCHAR},
      cron_expression = #{record.cronExpression,jdbcType=VARCHAR},
      status = #{record.status,jdbcType=TINYINT},
      remark = #{record.remark,jdbcType=VARCHAR},
      create_time = #{record.createTime,jdbcType=TIMESTAMP}
    <if test="_parameter != null" >
      <include refid="Update_By_Example_Where_Clause" />
    </if>
  </update>
  <update id="updateByPrimaryKeySelective" parameterType="com.quart.job.entity.ScheduleJobBean" >
    update schedule_job
    <set >
      <if test="beanName != null" >
        bean_name = #{beanName,jdbcType=VARCHAR},
      </if>
      <if test="params != null" >
        params = #{params,jdbcType=VARCHAR},
      </if>
      <if test="cronExpression != null" >
        cron_expression = #{cronExpression,jdbcType=VARCHAR},
      </if>
      <if test="status != null" >
        status = #{status,jdbcType=TINYINT},
      </if>
      <if test="remark != null" >
        remark = #{remark,jdbcType=VARCHAR},
      </if>
      <if test="createTime != null" >
        create_time = #{createTime,jdbcType=TIMESTAMP},
      </if>
    </set>
    where job_id = #{jobId,jdbcType=BIGINT}
  </update>
  <update id="updateByPrimaryKey" parameterType="com.quart.job.entity.ScheduleJobBean" >
    update schedule_job
    set bean_name = #{beanName,jdbcType=VARCHAR},
      params = #{params,jdbcType=VARCHAR},
      cron_expression = #{cronExpression,jdbcType=VARCHAR},
      status = #{status,jdbcType=TINYINT},
      remark = #{remark,jdbcType=VARCHAR},
      create_time = #{createTime,jdbcType=TIMESTAMP}
    where job_id = #{jobId,jdbcType=BIGINT}
  </update>
</mapper>