<?xml version="1.0" encoding="UTF-8" ?>
<!DOCTYPE mapper PUBLIC "-//mybatis.org//DTD Mapper 3.0//EN" "http://mybatis.org/dtd/mybatis-3-mapper.dtd" >
<mapper namespace="com.data.source.mapper.one.AdminUserMapper" >
    <resultMap id="BaseResultMap" type="com.data.source.entity.AdminUser" >
        <id column="id" property="id" jdbcType="INTEGER" />
        <result column="user_name" property="userName" jdbcType="VARCHAR" />
        <result column="pass_word" property="passWord" jdbcType="VARCHAR" />
        <result column="phone" property="phone" jdbcType="VARCHAR" />
        <result column="email" property="email" jdbcType="VARCHAR" />
        <result column="create_time" property="createTime" jdbcType="TIMESTAMP" />
        <result column="update_time" property="updateTime" jdbcType="TIMESTAMP" />
        <result column="state" property="state" jdbcType="INTEGER" />
    </resultMap>
    <sql id="Example_Where_Clause" >
        <where >
            <foreach collection="oredCriteria" item="criteria" separator="or" >
                <if test="criteria.valid" >
                    <trim prefix="(" suffix=")" prefixOverrides="and" >
                        <foreach collection="criteria.criteria" item="criterion" >
                            <choose >
                                <when test="criterion.noValue" >
                                    and ${criterion.condition}
                                </when>
                                <when test="criterion.singleValue" >
                                    and ${criterion.condition} #{criterion.value}
                                </when>
                                <when test="criterion.betweenValue" >
                                    and ${criterion.condition} #{criterion.value} and #{criterion.secondValue}
                                </when>
                                <when test="criterion.listValue" >
                                    and ${criterion.condition}
                                    <foreach collection="criterion.value" item="listItem" open="(" close=")" separator="," >
                                        #{listItem}
                                    </foreach>
                                </when>
                            </choose>
                        </foreach>
                    </trim>
                </if>
            </foreach>
        </where>
    </sql>
    <sql id="Update_By_Example_Where_Clause" >
        <where >
            <foreach collection="example.oredCriteria" item="criteria" separator="or" >
                <if test="criteria.valid" >
                    <trim prefix="(" suffix=")" prefixOverrides="and" >
                        <foreach collection="criteria.criteria" item="criterion" >
                            <choose >
                                <when test="criterion.noValue" >
                                    and ${criterion.condition}
                                </when>
                                <when test="criterion.singleValue" >
                                    and ${criterion.condition} #{criterion.value}
                                </when>
                                <when test="criterion.betweenValue" >
                                    and ${criterion.condition} #{criterion.value} and #{criterion.secondValue}
                                </when>
                                <when test="criterion.listValue" >
                                    and ${criterion.condition}
                                    <foreach collection="criterion.value" item="listItem" open="(" close=")" separator="," >
                                        #{listItem}
                                    </foreach>
                                </when>
                            </choose>
                        </foreach>
                    </trim>
                </if>
            </foreach>
        </where>
    </sql>
    <sql id="Base_Column_List" >
        id, user_name, pass_word, phone, email, create_time, update_time, state
    </sql>
    <select id="selectByExample" resultMap="BaseResultMap" parameterType="com.data.source.entity.AdminUserExample" >
        select
        <if test="distinct" >
            distinct
        </if>
        <include refid="Base_Column_List" />
        from hc_admin_user
        <if test="_parameter != null" >
            <include refid="Example_Where_Clause" />
        </if>
        <if test="orderByClause != null" >
            order by ${orderByClause}
        </if>
    </select>
    <select id="selectByPrimaryKey" resultMap="BaseResultMap" parameterType="java.lang.Integer" >
        select
        <include refid="Base_Column_List" />
        from hc_admin_user
        where id = #{id,jdbcType=INTEGER}
    </select>
    <delete id="deleteByPrimaryKey" parameterType="java.lang.Integer" >
        delete from hc_admin_user
        where id = #{id,jdbcType=INTEGER}
    </delete>
    <delete id="deleteByExample" parameterType="com.data.source.entity.AdminUserExample" >
        delete from hc_admin_user
        <if test="_parameter != null" >
            <include refid="Example_Where_Clause" />
        </if>
    </delete>
    <insert id="insert" parameterType="com.data.source.entity.AdminUser" useGeneratedKeys="true" keyProperty="id" >
        insert into hc_admin_user (user_name, pass_word, phone,
        email, create_time, update_time,
        state)
        values (#{userName,jdbcType=VARCHAR}, #{passWord,jdbcType=VARCHAR}, #{phone,jdbcType=VARCHAR},
        #{email,jdbcType=VARCHAR}, #{createTime,jdbcType=TIMESTAMP}, #{updateTime,jdbcType=TIMESTAMP},
        #{state,jdbcType=INTEGER})
    </insert>
    <insert id="insertSelective" parameterType="com.data.source.entity.AdminUser" useGeneratedKeys="true" keyProperty="id" >
        insert into hc_admin_user
        <trim prefix="(" suffix=")" suffixOverrides="," >
            <if test="userName != null" >
                user_name,
            </if>
            <if test="passWord != null" >
                pass_word,
            </if>
            <if test="phone != null" >
                phone,
            </if>
            <if test="email != null" >
                email,
            </if>
            <if test="createTime != null" >
                create_time,
            </if>
            <if test="updateTime != null" >
                update_time,
            </if>
            <if test="state != null" >
                state,
            </if>
        </trim>
        <trim prefix="values (" suffix=")" suffixOverrides="," >
            <if test="userName != null" >
                #{userName,jdbcType=VARCHAR},
            </if>
            <if test="passWord != null" >
                #{passWord,jdbcType=VARCHAR},
            </if>
            <if test="phone != null" >
                #{phone,jdbcType=VARCHAR},
            </if>
            <if test="email != null" >
                #{email,jdbcType=VARCHAR},
            </if>
            <if test="createTime != null" >
                #{createTime,jdbcType=TIMESTAMP},
            </if>
            <if test="updateTime != null" >
                #{updateTime,jdbcType=TIMESTAMP},
            </if>
            <if test="state != null" >
                #{state,jdbcType=INTEGER},
            </if>
        </trim>
    </insert>
    <select id="countByExample" parameterType="com.data.source.entity.AdminUserExample" resultType="java.lang.Integer" >
        select count(*) from hc_admin_user
        <if test="_parameter != null" >
            <include refid="Example_Where_Clause" />
        </if>
    </select>
    <update id="updateByExampleSelective" parameterType="map" >
        update hc_admin_user
        <set >
            <if test="record.id != null" >
                id = #{record.id,jdbcType=INTEGER},
            </if>
            <if test="record.userName != null" >
                user_name = #{record.userName,jdbcType=VARCHAR},
            </if>
            <if test="record.passWord != null" >
                pass_word = #{record.passWord,jdbcType=VARCHAR},
            </if>
            <if test="record.phone != null" >
                phone = #{record.phone,jdbcType=VARCHAR},
            </if>
            <if test="record.email != null" >
                email = #{record.email,jdbcType=VARCHAR},
            </if>
            <if test="record.createTime != null" >
                create_time = #{record.createTime,jdbcType=TIMESTAMP},
            </if>
            <if test="record.updateTime != null" >
                update_time = #{record.updateTime,jdbcType=TIMESTAMP},
            </if>
            <if test="record.state != null" >
                state = #{record.state,jdbcType=INTEGER},
            </if>
        </set>
        <if test="_parameter != null" >
            <include refid="Update_By_Example_Where_Clause" />
        </if>
    </update>
    <update id="updateByExample" parameterType="map" >
        update hc_admin_user
        set id = #{record.id,jdbcType=INTEGER},
        user_name = #{record.userName,jdbcType=VARCHAR},
        pass_word = #{record.passWord,jdbcType=VARCHAR},
        phone = #{record.phone,jdbcType=VARCHAR},
        email = #{record.email,jdbcType=VARCHAR},
        create_time = #{record.createTime,jdbcType=TIMESTAMP},
        update_time = #{record.updateTime,jdbcType=TIMESTAMP},
        state = #{record.state,jdbcType=INTEGER}
        <if test="_parameter != null" >
            <include refid="Update_By_Example_Where_Clause" />
        </if>
    </update>
    <update id="updateByPrimaryKeySelective" parameterType="com.data.source.entity.AdminUser" >
        update hc_admin_user
        <set >
            <if test="userName != null" >
                user_name = #{userName,jdbcType=VARCHAR},
            </if>
            <if test="passWord != null" >
                pass_word = #{passWord,jdbcType=VARCHAR},
            </if>
            <if test="phone != null" >
                phone = #{phone,jdbcType=VARCHAR},
            </if>
            <if test="email != null" >
                email = #{email,jdbcType=VARCHAR},
            </if>
            <if test="createTime != null" >
                create_time = #{createTime,jdbcType=TIMESTAMP},
            </if>
            <if test="updateTime != null" >
                update_time = #{updateTime,jdbcType=TIMESTAMP},
            </if>
            <if test="state != null" >
                state = #{state,jdbcType=INTEGER},
            </if>
        </set>
        where id = #{id,jdbcType=INTEGER}
    </update>
    <update id="updateByPrimaryKey" parameterType="com.data.source.entity.AdminUser" >
        update hc_admin_user
        set user_name = #{userName,jdbcType=VARCHAR},
        pass_word = #{passWord,jdbcType=VARCHAR},
        phone = #{phone,jdbcType=VARCHAR},
        email = #{email,jdbcType=VARCHAR},
        create_time = #{createTime,jdbcType=TIMESTAMP},
        update_time = #{updateTime,jdbcType=TIMESTAMP},
        state = #{state,jdbcType=INTEGER}
        where id = #{id,jdbcType=INTEGER}
    </update>
</mapper>