<?xml version="1.0" encoding="UTF-8"?>
<!DOCTYPE mapper PUBLIC "-//mybatis.org//DTD Mapper 3.0//EN" "http://mybatis.org/dtd/mybatis-3-mapper.dtd">
<mapper namespace="com.click.house.mapper.UserInfoMapper">
    <resultMap id="BaseResultMap" type="com.click.house.entity.UserInfo">
        <id column="id" jdbcType="INTEGER" property="id" />
        <result column="user_name" jdbcType="VARCHAR" property="userName" />
        <result column="pass_word" jdbcType="VARCHAR" property="passWord" />
        <result column="phone" jdbcType="VARCHAR" property="phone" />
        <result column="email" jdbcType="VARCHAR" property="email" />
        <result column="create_day" jdbcType="VARCHAR" property="createDay" />
    </resultMap>

    <sql id="Base_Column_List">
        id,user_name,pass_word,phone,email,create_day
    </sql>

    <insert id="saveData" parameterType="com.click.house.entity.UserInfo" >
        INSERT INTO cs_user_info
        (id,user_name,pass_word,phone,email,create_day)
        VALUES
        (#{id,jdbcType=INTEGER},#{userName,jdbcType=VARCHAR},#{passWord,jdbcType=VARCHAR},
        #{phone,jdbcType=VARCHAR},#{email,jdbcType=VARCHAR},#{createDay,jdbcType=VARCHAR})
    </insert>

    <select id="selectById" parameterType="java.lang.Integer" resultMap="BaseResultMap">
        select
        <include refid="Base_Column_List" />
        from cs_user_info
        where id = #{id,jdbcType=INTEGER}
    </select>

    <select id="selectList" resultMap="BaseResultMap" >
        select
        <include refid="Base_Column_List" />
        from cs_user_info
    </select>
</mapper>