<?xml version="1.0" encoding="UTF-8" ?>
<!DOCTYPE mapper PUBLIC "-//mybatis.org//DTD Mapper 3.0//EN" "http://mybatis.org/dtd/mybatis-3-mapper.dtd" >
<mapper namespace="com.plus.batis.mapper.UserBaseMapper" >

  <resultMap id="BaseResultMap" type="com.plus.batis.entity.UserBase" >
    <id column="id" property="id" jdbcType="INTEGER" />
    <result column="user_name" property="userName" jdbcType="VARCHAR" />
    <result column="pass_word" property="passWord" jdbcType="VARCHAR" />
    <result column="phone" property="phone" jdbcType="VARCHAR" />
    <result column="email" property="email" jdbcType="VARCHAR" />
    <result column="create_time" property="createTime" jdbcType="TIMESTAMP" />
    <result column="update_time" property="updateTime" jdbcType="TIMESTAMP" />
    <result column="state" property="state" jdbcType="INTEGER" />
  </resultMap>

  <sql id="Base_Column_List" >
    id, user_name, pass_word, phone, email, create_time, update_time, state
  </sql>

  <select id="selectByParam" parameterType="com.plus.batis.entity.QueryParam" resultMap="BaseResultMap">
    select * from hc_user_base
  </select>

</mapper>